entity,entity_type,source_url
Distill,ORG,https://distill.pub/2021/understanding-gnns/
recent times,DATE,https://distill.pub/2021/understanding-gnns/
Facebook,ORG,https://distill.pub/2021/understanding-gnns/
Twitter,ORG,https://distill.pub/2021/understanding-gnns/
CNNs,ORG,https://distill.pub/2021/understanding-gnns/
CNN,ORG,https://distill.pub/2021/understanding-gnns/
today,DATE,https://distill.pub/2021/understanding-gnns/
Colab,ORG,https://distill.pub/2021/understanding-gnns/
ObservableHQ,ORG,https://distill.pub/2021/understanding-gnns/
Alexander Lenail’s,PERSON,https://distill.pub/2021/understanding-gnns/
Wikimedia Commons,ORG,https://distill.pub/2021/understanding-gnns/
Thomas Kipf,PERSON,https://distill.pub/2021/understanding-gnns/
David Nichols,PERSON,https://distill.pub/2021/understanding-gnns/
Coloring for Colorblindness,ORG,https://distill.pub/2021/understanding-gnns/
Ashish Tendulkar,PERSON,https://distill.pub/2021/understanding-gnns/
Google Research India,ORG,https://distill.pub/2021/understanding-gnns/
Adam Pearce,PERSON,https://distill.pub/2021/understanding-gnns/
Google Research,ORG,https://distill.pub/2021/understanding-gnns/
Anirban Santara,PERSON,https://distill.pub/2021/understanding-gnns/
Sujoy Paul,PERSON,https://distill.pub/2021/understanding-gnns/
Ansh Khurana,PERSON,https://distill.pub/2021/understanding-gnns/
Ameya Daigavane,PERSON,https://distill.pub/2021/understanding-gnns/
Balaraman Ravindran,PERSON,https://distill.pub/2021/understanding-gnns/
Gaurav Aggarwal,PERSON,https://distill.pub/2021/understanding-gnns/
Chaitanya K. Joshi,PERSON,https://distill.pub/2021/understanding-gnns/
Nick Moran,PERSON,https://distill.pub/2021/understanding-gnns/
GitHub,ORG,https://distill.pub/2021/understanding-gnns/
Daigavane,PERSON,https://distill.pub/2021/understanding-gnns/
2021,DATE,https://distill.pub/2021/understanding-gnns/
Ameya,PERSON,https://distill.pub/2021/understanding-gnns/
Ravindran,PERSON,https://distill.pub/2021/understanding-gnns/
Balaraman,PERSON,https://distill.pub/2021/understanding-gnns/
Aggarwal,PERSON,https://distill.pub/2021/understanding-gnns/
Gaurav,PERSON,https://distill.pub/2021/understanding-gnns/
Sandhini Agarwal,PERSON,https://distill.pub/2021/multimodal-neurons/
Daniela Amodei,PERSON,https://distill.pub/2021/multimodal-neurons/
Dario Amodei,PERSON,https://distill.pub/2021/multimodal-neurons/
Tom Brown,PERSON,https://distill.pub/2021/multimodal-neurons/
Jeff Clune,PERSON,https://distill.pub/2021/multimodal-neurons/
Steve Dowling,PERSON,https://distill.pub/2021/multimodal-neurons/
Gretchen Krueger,PERSON,https://distill.pub/2021/multimodal-neurons/
Brice Menard,PERSON,https://distill.pub/2021/multimodal-neurons/
Reiichiro Nakano,PERSON,https://distill.pub/2021/multimodal-neurons/
Aditya Ramesh,PERSON,https://distill.pub/2021/multimodal-neurons/
Pranav Shyam,PERSON,https://distill.pub/2021/multimodal-neurons/
Ilya Sutskever,PERSON,https://distill.pub/2021/multimodal-neurons/
Martin,PERSON,https://distill.pub/2021/multimodal-neurons/
Wattenberg,PERSON,https://distill.pub/2021/multimodal-neurons/
Gabriel Goh,PERSON,https://distill.pub/2021/multimodal-neurons/
Michael Petrov,PERSON,https://distill.pub/2021/multimodal-neurons/
Chris Olah,PERSON,https://distill.pub/2021/multimodal-neurons/
Gabe,PERSON,https://distill.pub/2021/multimodal-neurons/
Alec Radford,PERSON,https://distill.pub/2021/multimodal-neurons/
weekly,DATE,https://distill.pub/2021/multimodal-neurons/
Shan Carter,PERSON,https://distill.pub/2021/multimodal-neurons/
"Gabriel
Goh",PERSON,https://distill.pub/2021/multimodal-neurons/
Chelsea Voss†,PERSON,https://distill.pub/2021/multimodal-neurons/
Nick Cammarata†,PERSON,https://distill.pub/2021/multimodal-neurons/
Drew,PERSON,https://distill.pub/2021/multimodal-neurons/
Trump,PERSON,https://distill.pub/2021/multimodal-neurons/
Gabriel,PERSON,https://distill.pub/2021/multimodal-neurons/
Ludwig Schubert,PERSON,https://distill.pub/2021/multimodal-neurons/
Quiroga,PERSON,https://distill.pub/2021/multimodal-neurons/
Reddy,PERSON,https://distill.pub/2021/multimodal-neurons/
Kreiman,PERSON,https://distill.pub/2021/multimodal-neurons/
Koch,PERSON,https://distill.pub/2021/multimodal-neurons/
Fried,PERSON,https://distill.pub/2021/multimodal-neurons/
2005,DATE,https://distill.pub/2021/multimodal-neurons/
Nature,ORG,https://distill.pub/2021/multimodal-neurons/
Nature Publishing Group,ORG,https://distill.pub/2021/multimodal-neurons/
Kraskov,PERSON,https://distill.pub/2021/multimodal-neurons/
2009,DATE,https://distill.pub/2021/multimodal-neurons/
Current Biology,ORG,https://distill.pub/2021/multimodal-neurons/
Elsevier,ORG,https://distill.pub/2021/multimodal-neurons/
Radford,PERSON,https://distill.pub/2021/multimodal-neurons/
Kim,PERSON,https://distill.pub/2021/multimodal-neurons/
Hallacy,PERSON,https://distill.pub/2021/multimodal-neurons/
Ramesh,PERSON,https://distill.pub/2021/multimodal-neurons/
Goh,PERSON,https://distill.pub/2021/multimodal-neurons/
Agarwal,PERSON,https://distill.pub/2021/multimodal-neurons/
Sastry,PERSON,https://distill.pub/2021/multimodal-neurons/
Askell,PERSON,https://distill.pub/2021/multimodal-neurons/
Mishkin,PERSON,https://distill.pub/2021/multimodal-neurons/
Clark,PERSON,https://distill.pub/2021/multimodal-neurons/
Krueger,PERSON,https://distill.pub/2021/multimodal-neurons/
Sutskever,PERSON,https://distill.pub/2021/multimodal-neurons/
2021,DATE,https://distill.pub/2021/multimodal-neurons/
"Zhang,",PERSON,https://distill.pub/2021/multimodal-neurons/
Ren,PERSON,https://distill.pub/2021/multimodal-neurons/
Sun,PERSON,https://distill.pub/2021/multimodal-neurons/
2015,DATE,https://distill.pub/2021/multimodal-neurons/
CoRR,ORG,https://distill.pub/2021/multimodal-neurons/
Vaswani,PERSON,https://distill.pub/2021/multimodal-neurons/
Shazeer,PERSON,https://distill.pub/2021/multimodal-neurons/
Parmar,PERSON,https://distill.pub/2021/multimodal-neurons/
Uszkoreit,PERSON,https://distill.pub/2021/multimodal-neurons/
Gomez,PERSON,https://distill.pub/2021/multimodal-neurons/
"Kaiser, L.",ORG,https://distill.pub/2021/multimodal-neurons/
Polosukhin,PERSON,https://distill.pub/2021/multimodal-neurons/
2017,DATE,https://distill.pub/2021/multimodal-neurons/
Sohn,PERSON,https://distill.pub/2021/multimodal-neurons/
2016,DATE,https://distill.pub/2021/multimodal-neurons/
Krishnan,PERSON,https://distill.pub/2021/multimodal-neurons/
Isola,PERSON,https://distill.pub/2021/multimodal-neurons/
2019,DATE,https://distill.pub/2021/multimodal-neurons/
arXiv,ORG,https://distill.pub/2021/multimodal-neurons/
polysemy,ORG,https://distill.pub/2021/multimodal-neurons/
Liang,PERSON,https://distill.pub/2021/multimodal-neurons/
Risteski,PERSON,https://distill.pub/2021/multimodal-neurons/
2018,DATE,https://distill.pub/2021/multimodal-neurons/
the Association for Computational Linguistics,ORG,https://distill.pub/2021/multimodal-neurons/
MIT Press,ORG,https://distill.pub/2021/multimodal-neurons/
Karpathy,PERSON,https://distill.pub/2021/multimodal-neurons/
Johnson,PERSON,https://distill.pub/2021/multimodal-neurons/
Zhou,PERSON,https://distill.pub/2021/multimodal-neurons/
Khosla,PERSON,https://distill.pub/2021/multimodal-neurons/
Lapedriza,PERSON,https://distill.pub/2021/multimodal-neurons/
Oliva,PERSON,https://distill.pub/2021/multimodal-neurons/
Torralba,PERSON,https://distill.pub/2021/multimodal-neurons/
2014,DATE,https://distill.pub/2021/multimodal-neurons/
Bau,PERSON,https://distill.pub/2021/multimodal-neurons/
Olah,PERSON,https://distill.pub/2021/multimodal-neurons/
Cammarata,PERSON,https://distill.pub/2021/multimodal-neurons/
Schubert,PERSON,https://distill.pub/2021/multimodal-neurons/
Petrov,PERSON,https://distill.pub/2021/multimodal-neurons/
Carter,PERSON,https://distill.pub/2021/multimodal-neurons/
2020,DATE,https://distill.pub/2021/multimodal-neurons/
Distill,ORG,https://distill.pub/2021/multimodal-neurons/
Nguyen,PERSON,https://distill.pub/2021/multimodal-neurons/
Yosinski,PERSON,https://distill.pub/2021/multimodal-neurons/
Clune,PERSON,https://distill.pub/2021/multimodal-neurons/
2008,DATE,https://distill.pub/2021/multimodal-neurons/
Trends in cognitive sciences,ORG,https://distill.pub/2021/multimodal-neurons/
2012,DATE,https://distill.pub/2021/multimodal-neurons/
Nature Reviews Neuroscience,ORG,https://distill.pub/2021/multimodal-neurons/
Barrett,PERSON,https://distill.pub/2021/multimodal-neurons/
Adolphs,PERSON,https://distill.pub/2021/multimodal-neurons/
Marsella,PERSON,https://distill.pub/2021/multimodal-neurons/
Martinez,PERSON,https://distill.pub/2021/multimodal-neurons/
Pollak,PERSON,https://distill.pub/2021/multimodal-neurons/
Sage Publications,ORG,https://distill.pub/2021/multimodal-neurons/
Los Angeles,GPE,https://distill.pub/2021/multimodal-neurons/
"Konkol, M.",ORG,https://distill.pub/2021/multimodal-neurons/
"Nykl, M.",ORG,https://distill.pub/2021/multimodal-neurons/
Hercig,PERSON,https://distill.pub/2021/multimodal-neurons/
Nielsen,PERSON,https://distill.pub/2021/multimodal-neurons/
Collobert,PERSON,https://distill.pub/2021/multimodal-neurons/
Weston,PERSON,https://distill.pub/2021/multimodal-neurons/
Bottou,PERSON,https://distill.pub/2021/multimodal-neurons/
Karlen,PERSON,https://distill.pub/2021/multimodal-neurons/
Kavukcuoglu,PERSON,https://distill.pub/2021/multimodal-neurons/
Kuksa,PERSON,https://distill.pub/2021/multimodal-neurons/
2011,DATE,https://distill.pub/2021/multimodal-neurons/
Journal of machine learning,ORG,https://distill.pub/2021/multimodal-neurons/
Mikolov,PERSON,https://distill.pub/2021/multimodal-neurons/
Yih,PERSON,https://distill.pub/2021/multimodal-neurons/
Zweig,PERSON,https://distill.pub/2021/multimodal-neurons/
2013,DATE,https://distill.pub/2021/multimodal-neurons/
the association for computational linguistics:,ORG,https://distill.pub/2021/multimodal-neurons/
Bolukbasi,PERSON,https://distill.pub/2021/multimodal-neurons/
Chang,PERSON,https://distill.pub/2021/multimodal-neurons/
Zou,PERSON,https://distill.pub/2021/multimodal-neurons/
Saligrama,PERSON,https://distill.pub/2021/multimodal-neurons/
Kalai,PERSON,https://distill.pub/2021/multimodal-neurons/
Szegedy,PERSON,https://distill.pub/2021/multimodal-neurons/
Zaremba,PERSON,https://distill.pub/2021/multimodal-neurons/
Bruna,PERSON,https://distill.pub/2021/multimodal-neurons/
Erhan,PERSON,https://distill.pub/2021/multimodal-neurons/
Goodfellow,PERSON,https://distill.pub/2021/multimodal-neurons/
Fergus,PERSON,https://distill.pub/2021/multimodal-neurons/
Bengio,PERSON,https://distill.pub/2021/multimodal-neurons/
Courville,PERSON,https://distill.pub/2021/multimodal-neurons/
Vincent,PERSON,https://distill.pub/2021/multimodal-neurons/
University of Montreal,ORG,https://distill.pub/2021/multimodal-neurons/
Mordvintsev,PERSON,https://distill.pub/2021/multimodal-neurons/
DiCarlo,PERSON,https://distill.pub/2021/multimodal-neurons/
Zoccolan,PERSON,https://distill.pub/2021/multimodal-neurons/
Rust,PERSON,https://distill.pub/2021/multimodal-neurons/
N.C.,GPE,https://distill.pub/2021/multimodal-neurons/
Neuron,ORG,https://distill.pub/2021/multimodal-neurons/
Deng,PERSON,https://distill.pub/2021/multimodal-neurons/
Dong,PERSON,https://distill.pub/2021/multimodal-neurons/
Socher,PERSON,https://distill.pub/2021/multimodal-neurons/
IEEE,ORG,https://distill.pub/2021/multimodal-neurons/
Tsipras,PERSON,https://distill.pub/2021/multimodal-neurons/
Madry,PERSON,https://distill.pub/2021/multimodal-neurons/
"Qiu, S.",ORG,https://distill.pub/2021/multimodal-neurons/
"Tenenbaum, J.B.",ORG,https://distill.pub/2021/multimodal-neurons/
"Freeman, W.T.",ORG,https://distill.pub/2021/multimodal-neurons/
2000,DATE,https://distill.pub/2021/multimodal-neurons/
"Willcox, G.",ORG,https://distill.pub/2021/multimodal-neurons/
1982,DATE,https://distill.pub/2021/multimodal-neurons/
Transactional Analysis Journal,ORG,https://distill.pub/2021/multimodal-neurons/
SAGE Publications,ORG,https://distill.pub/2021/multimodal-neurons/
"Carter, S.",ORG,https://distill.pub/2021/multimodal-neurons/
"Armstrong, Z.",ORG,https://distill.pub/2021/multimodal-neurons/
"Johnson, I. and Olah",ORG,https://distill.pub/2021/multimodal-neurons/
"Brown, T.",ORG,https://distill.pub/2021/multimodal-neurons/
Mané,PERSON,https://distill.pub/2021/multimodal-neurons/
Roy,PERSON,https://distill.pub/2021/multimodal-neurons/
Abadi,PERSON,https://distill.pub/2021/multimodal-neurons/
Gilmer,PERSON,https://distill.pub/2021/multimodal-neurons/
Athalye,PERSON,https://distill.pub/2021/multimodal-neurons/
Engstrom,PERSON,https://distill.pub/2021/multimodal-neurons/
Ilyas,PERSON,https://distill.pub/2021/multimodal-neurons/
Kwok,PERSON,https://distill.pub/2021/multimodal-neurons/
"Stroop, J.R.,",ORG,https://distill.pub/2021/multimodal-neurons/
1935,DATE,https://distill.pub/2021/multimodal-neurons/
Journal of experimental psychology,ORG,https://distill.pub/2021/multimodal-neurons/
Psychological Review Company,ORG,https://distill.pub/2021/multimodal-neurons/
Curve Detectors,ORG,https://distill.pub/2021/multimodal-neurons/
"Cammarata, N.",ORG,https://distill.pub/2021/multimodal-neurons/
"Olah, C.",ORG,https://distill.pub/2021/multimodal-neurons/
Simonyan,PERSON,https://distill.pub/2021/multimodal-neurons/
Vedaldi,PERSON,https://distill.pub/2021/multimodal-neurons/
Zisserman,PERSON,https://distill.pub/2021/multimodal-neurons/
Tyka,PERSON,https://distill.pub/2021/multimodal-neurons/
Google Research Blog,ORG,https://distill.pub/2021/multimodal-neurons/
Dosovitskiy,PERSON,https://distill.pub/2021/multimodal-neurons/
Hays,PERSON,https://distill.pub/2021/multimodal-neurons/
Ehinger,PERSON,https://distill.pub/2021/multimodal-neurons/
2010,DATE,https://distill.pub/2021/multimodal-neurons/
IEEE computer society,ORG,https://distill.pub/2021/multimodal-neurons/
Everingham,PERSON,https://distill.pub/2021/multimodal-neurons/
Williams,PERSON,https://distill.pub/2021/multimodal-neurons/
Winn,PERSON,https://distill.pub/2021/multimodal-neurons/
Springer,ORG,https://distill.pub/2021/multimodal-neurons/
Kärkkäinen,PERSON,https://distill.pub/2021/multimodal-neurons/
Joo,PERSON,https://distill.pub/2021/multimodal-neurons/
Karras,PERSON,https://distill.pub/2021/multimodal-neurons/
Laine,PERSON,https://distill.pub/2021/multimodal-neurons/
Aila,PERSON,https://distill.pub/2021/multimodal-neurons/
Nick Cammarata,PERSON,https://distill.pub/2021/multimodal-neurons/
Chelsea Voss,PERSON,https://distill.pub/2021/multimodal-neurons/
Shan,PERSON,https://distill.pub/2021/multimodal-neurons/
Michael,PERSON,https://distill.pub/2021/multimodal-neurons/
Ludwig,PERSON,https://distill.pub/2021/multimodal-neurons/
Alec,PERSON,https://distill.pub/2021/multimodal-neurons/
Chris,PERSON,https://distill.pub/2021/multimodal-neurons/
Atari,ORG,https://distill.pub/2020/understanding-rl-vision/
ImageNet,ORG,https://distill.pub/2020/understanding-rl-vision/
Procgen,ORG,https://distill.pub/2020/understanding-rl-vision/
Sundararajan,PERSON,https://distill.pub/2020/understanding-rl-vision/
Taly,PERSON,https://distill.pub/2020/understanding-rl-vision/
Yan,PERSON,https://distill.pub/2020/understanding-rl-vision/
IMPALA,ORG,https://distill.pub/2020/understanding-rl-vision/
Jonathan Uesato,PERSON,https://distill.pub/2020/understanding-rl-vision/
Joel Lehman,PERSON,https://distill.pub/2020/understanding-rl-vision/
Karl Cobbe,PERSON,https://distill.pub/2020/understanding-rl-vision/
Daniel Filan,PERSON,https://distill.pub/2020/understanding-rl-vision/
Sam Greydanus,PERSON,https://distill.pub/2020/understanding-rl-vision/
Christopher Hesse,PERSON,https://distill.pub/2020/understanding-rl-vision/
Jacob Jackson,PERSON,https://distill.pub/2020/understanding-rl-vision/
Michael Littman,PERSON,https://distill.pub/2020/understanding-rl-vision/
Ben Millwood,PERSON,https://distill.pub/2020/understanding-rl-vision/
Konstantinos Mitsopoulos,PERSON,https://distill.pub/2020/understanding-rl-vision/
Mira Murati,PERSON,https://distill.pub/2020/understanding-rl-vision/
Jorge Orbay,PERSON,https://distill.pub/2020/understanding-rl-vision/
Alex Ray,PERSON,https://distill.pub/2020/understanding-rl-vision/
Ludwig Schubert,PERSON,https://distill.pub/2020/understanding-rl-vision/
John Schulman,PERSON,https://distill.pub/2020/understanding-rl-vision/
Ilya Sutskever,PERSON,https://distill.pub/2020/understanding-rl-vision/
Nevan Wichers,PERSON,https://distill.pub/2020/understanding-rl-vision/
Liang Zhang,PERSON,https://distill.pub/2020/understanding-rl-vision/
Daniel Ziegler,PERSON,https://distill.pub/2020/understanding-rl-vision/
Jacob Hilton,PERSON,https://distill.pub/2020/understanding-rl-vision/
Nick Cammarata,PERSON,https://distill.pub/2020/understanding-rl-vision/
CoinRun,ORG,https://distill.pub/2020/understanding-rl-vision/
Shan Carter,PERSON,https://distill.pub/2020/understanding-rl-vision/
OpenAI,ORG,https://distill.pub/2020/understanding-rl-vision/
Chris Olah,PERSON,https://distill.pub/2020/understanding-rl-vision/
Cobbe,PERSON,https://distill.pub/2020/understanding-rl-vision/
Klimov,PERSON,https://distill.pub/2020/understanding-rl-vision/
Hesse,PERSON,https://distill.pub/2020/understanding-rl-vision/
Kim,PERSON,https://distill.pub/2020/understanding-rl-vision/
Schulman,PERSON,https://distill.pub/2020/understanding-rl-vision/
2018,DATE,https://distill.pub/2020/understanding-rl-vision/
arXiv,ORG,https://distill.pub/2020/understanding-rl-vision/
Simonyan,PERSON,https://distill.pub/2020/understanding-rl-vision/
Vedaldi,PERSON,https://distill.pub/2020/understanding-rl-vision/
Zisserman,PERSON,https://distill.pub/2020/understanding-rl-vision/
2013,DATE,https://distill.pub/2020/understanding-rl-vision/
Zeiler,PERSON,https://distill.pub/2020/understanding-rl-vision/
Fergus,PERSON,https://distill.pub/2020/understanding-rl-vision/
2014,DATE,https://distill.pub/2020/understanding-rl-vision/
Springenberg,PERSON,https://distill.pub/2020/understanding-rl-vision/
Dosovitskiy,PERSON,https://distill.pub/2020/understanding-rl-vision/
Brox,PERSON,https://distill.pub/2020/understanding-rl-vision/
Riedmiller,PERSON,https://distill.pub/2020/understanding-rl-vision/
Selvaraju,PERSON,https://distill.pub/2020/understanding-rl-vision/
Cogswell,PERSON,https://distill.pub/2020/understanding-rl-vision/
Das,PERSON,https://distill.pub/2020/understanding-rl-vision/
Vedantam,PERSON,https://distill.pub/2020/understanding-rl-vision/
Parikh,PERSON,https://distill.pub/2020/understanding-rl-vision/
Batra,PERSON,https://distill.pub/2020/understanding-rl-vision/
2017,DATE,https://distill.pub/2020/understanding-rl-vision/
Fong,PERSON,https://distill.pub/2020/understanding-rl-vision/
"Kindermans, P.",ORG,https://distill.pub/2020/understanding-rl-vision/
Schutt,PERSON,https://distill.pub/2020/understanding-rl-vision/
Alber,PERSON,https://distill.pub/2020/understanding-rl-vision/
Muller,PERSON,https://distill.pub/2020/understanding-rl-vision/
Dahne,PERSON,https://distill.pub/2020/understanding-rl-vision/
Hooker,PERSON,https://distill.pub/2020/understanding-rl-vision/
Adebayo,PERSON,https://distill.pub/2020/understanding-rl-vision/
Erhan,PERSON,https://distill.pub/2020/understanding-rl-vision/
2019,DATE,https://distill.pub/2020/understanding-rl-vision/
Springer,ORG,https://distill.pub/2020/understanding-rl-vision/
Satyanarayan,PERSON,https://distill.pub/2020/understanding-rl-vision/
Johnson,PERSON,https://distill.pub/2020/understanding-rl-vision/
Carter,PERSON,https://distill.pub/2020/understanding-rl-vision/
Schubert,PERSON,https://distill.pub/2020/understanding-rl-vision/
Mordvintsev,PERSON,https://distill.pub/2020/understanding-rl-vision/
Hilton,PERSON,https://distill.pub/2020/understanding-rl-vision/
Wolski,PERSON,https://distill.pub/2020/understanding-rl-vision/
Dhariwal,PERSON,https://distill.pub/2020/understanding-rl-vision/
Radford,PERSON,https://distill.pub/2020/understanding-rl-vision/
Moritz,PERSON,https://distill.pub/2020/understanding-rl-vision/
Levine,PERSON,https://distill.pub/2020/understanding-rl-vision/
Jordan,PERSON,https://distill.pub/2020/understanding-rl-vision/
"Abbeel, P.",ORG,https://distill.pub/2020/understanding-rl-vision/
2015,DATE,https://distill.pub/2020/understanding-rl-vision/
"Cammarata, N.",ORG,https://distill.pub/2020/understanding-rl-vision/
"Carter, S.",ORG,https://distill.pub/2020/understanding-rl-vision/
Goh,PERSON,https://distill.pub/2020/understanding-rl-vision/
"Olah, C.",ORG,https://distill.pub/2020/understanding-rl-vision/
"Petrov, M.",ORG,https://distill.pub/2020/understanding-rl-vision/
"Schubert, L.",ORG,https://distill.pub/2020/understanding-rl-vision/
2020,DATE,https://distill.pub/2020/understanding-rl-vision/
Perez,PERSON,https://distill.pub/2020/understanding-rl-vision/
Liebana,PERSON,https://distill.pub/2020/understanding-rl-vision/
Liu,PERSON,https://distill.pub/2020/understanding-rl-vision/
Khalifa,PERSON,https://distill.pub/2020/understanding-rl-vision/
Gaina,PERSON,https://distill.pub/2020/understanding-rl-vision/
"R.D.,",GPE,https://distill.pub/2020/understanding-rl-vision/
Togelius,PERSON,https://distill.pub/2020/understanding-rl-vision/
Lucas,PERSON,https://distill.pub/2020/understanding-rl-vision/
S.M.,GPE,https://distill.pub/2020/understanding-rl-vision/
Juliani,PERSON,https://distill.pub/2020/understanding-rl-vision/
Berges,PERSON,https://distill.pub/2020/understanding-rl-vision/
Harper,PERSON,https://distill.pub/2020/understanding-rl-vision/
Henry,PERSON,https://distill.pub/2020/understanding-rl-vision/
Crespi,PERSON,https://distill.pub/2020/understanding-rl-vision/
Lange,PERSON,https://distill.pub/2020/understanding-rl-vision/
Song,PERSON,https://distill.pub/2020/understanding-rl-vision/
Jiang,PERSON,https://distill.pub/2020/understanding-rl-vision/
Neyshabur,PERSON,https://distill.pub/2020/understanding-rl-vision/
Olah,PERSON,https://distill.pub/2020/understanding-rl-vision/
Bengio,PERSON,https://distill.pub/2020/understanding-rl-vision/
Courville,PERSON,https://distill.pub/2020/understanding-rl-vision/
Vincent,PERSON,https://distill.pub/2020/understanding-rl-vision/
2009,DATE,https://distill.pub/2020/understanding-rl-vision/
University of Montreal,ORG,https://distill.pub/2020/understanding-rl-vision/
Nguyen,PERSON,https://distill.pub/2020/understanding-rl-vision/
Yosinski,PERSON,https://distill.pub/2020/understanding-rl-vision/
Clune,PERSON,https://distill.pub/2020/understanding-rl-vision/
IEEE,ORG,https://distill.pub/2020/understanding-rl-vision/
Tyka,PERSON,https://distill.pub/2020/understanding-rl-vision/
Google Research Blog,ORG,https://distill.pub/2020/understanding-rl-vision/
Deng,PERSON,https://distill.pub/2020/understanding-rl-vision/
Dong,PERSON,https://distill.pub/2020/understanding-rl-vision/
Socher,PERSON,https://distill.pub/2020/understanding-rl-vision/
IEEE Conference on,ORG,https://distill.pub/2020/understanding-rl-vision/
Szegedy,PERSON,https://distill.pub/2020/understanding-rl-vision/
Jia,PERSON,https://distill.pub/2020/understanding-rl-vision/
Sermanet,PERSON,https://distill.pub/2020/understanding-rl-vision/
Reed,PERSON,https://distill.pub/2020/understanding-rl-vision/
Anguelov,PERSON,https://distill.pub/2020/understanding-rl-vision/
Vanhoucke,PERSON,https://distill.pub/2020/understanding-rl-vision/
Rabinovich,PERSON,https://distill.pub/2020/understanding-rl-vision/
Such,PERSON,https://distill.pub/2020/understanding-rl-vision/
Madhavan,PERSON,https://distill.pub/2020/understanding-rl-vision/
Wang,PERSON,https://distill.pub/2020/understanding-rl-vision/
Castro,PERSON,https://distill.pub/2020/understanding-rl-vision/
"Bellemare, M.",ORG,https://distill.pub/2020/understanding-rl-vision/
"Lehman, J.",ORG,https://distill.pub/2020/understanding-rl-vision/
"Rupprecht, C.",ORG,https://distill.pub/2020/understanding-rl-vision/
Ibrahim,PERSON,https://distill.pub/2020/understanding-rl-vision/
Pal,PERSON,https://distill.pub/2020/understanding-rl-vision/
C.J.,GPE,https://distill.pub/2020/understanding-rl-vision/
Caricatures Cammerata,ORG,https://distill.pub/2020/understanding-rl-vision/
Olah,GPE,https://distill.pub/2020/understanding-rl-vision/
Madry,PERSON,https://distill.pub/2020/understanding-rl-vision/
Makelov,PERSON,https://distill.pub/2020/understanding-rl-vision/
Schmidt,PERSON,https://distill.pub/2020/understanding-rl-vision/
Tsipras,PERSON,https://distill.pub/2020/understanding-rl-vision/
Vladu,PERSON,https://distill.pub/2020/understanding-rl-vision/
Zaremba,PERSON,https://distill.pub/2020/understanding-rl-vision/
Sutskever,PERSON,https://distill.pub/2020/understanding-rl-vision/
Bruna,PERSON,https://distill.pub/2020/understanding-rl-vision/
Goodfellow,PERSON,https://distill.pub/2020/understanding-rl-vision/
Greydanus,PERSON,https://distill.pub/2020/understanding-rl-vision/
Koul,PERSON,https://distill.pub/2020/understanding-rl-vision/
Dodge,PERSON,https://distill.pub/2020/understanding-rl-vision/
Fern,PERSON,https://distill.pub/2020/understanding-rl-vision/
Puri,PERSON,https://distill.pub/2020/understanding-rl-vision/
Verma,PERSON,https://distill.pub/2020/understanding-rl-vision/
Gupta,PERSON,https://distill.pub/2020/understanding-rl-vision/
Kayastha,PERSON,https://distill.pub/2020/understanding-rl-vision/
Deshmukh,PERSON,https://distill.pub/2020/understanding-rl-vision/
Krishnamurthy,PERSON,https://distill.pub/2020/understanding-rl-vision/
Singh,PERSON,https://distill.pub/2020/understanding-rl-vision/
Ochshorn,PERSON,https://distill.pub/2020/understanding-rl-vision/
R.M.,PERSON,https://distill.pub/2020/understanding-rl-vision/
Belkin,PERSON,https://distill.pub/2020/understanding-rl-vision/
Hsu,PERSON,https://distill.pub/2020/understanding-rl-vision/
Mandal,PERSON,https://distill.pub/2020/understanding-rl-vision/
the National Academy of Sciences,ORG,https://distill.pub/2020/understanding-rl-vision/
National Acad Sciences,ORG,https://distill.pub/2020/understanding-rl-vision/
Ilyas,PERSON,https://distill.pub/2020/understanding-rl-vision/
Santurkar,PERSON,https://distill.pub/2020/understanding-rl-vision/
Engstrom,PERSON,https://distill.pub/2020/understanding-rl-vision/
Tran,PERSON,https://distill.pub/2020/understanding-rl-vision/
Gilmer,PERSON,https://distill.pub/2020/understanding-rl-vision/
Hendrycks,PERSON,https://distill.pub/2020/understanding-rl-vision/
Nakano,PERSON,https://distill.pub/2020/understanding-rl-vision/
Nakkiran,PERSON,https://distill.pub/2020/understanding-rl-vision/
"Santurkar, S.,",ORG,https://distill.pub/2020/understanding-rl-vision/
Wallace,PERSON,https://distill.pub/2020/understanding-rl-vision/
Jaderberg,PERSON,https://distill.pub/2020/understanding-rl-vision/
Czarnecki,PERSON,https://distill.pub/2020/understanding-rl-vision/
Dunning,PERSON,https://distill.pub/2020/understanding-rl-vision/
Marris,PERSON,https://distill.pub/2020/understanding-rl-vision/
Lever,PERSON,https://distill.pub/2020/understanding-rl-vision/
Castaneda,PERSON,https://distill.pub/2020/understanding-rl-vision/
Beattie,PERSON,https://distill.pub/2020/understanding-rl-vision/
Rabinowitz,PERSON,https://distill.pub/2020/understanding-rl-vision/
N.C.,GPE,https://distill.pub/2020/understanding-rl-vision/
Morcos,PERSON,https://distill.pub/2020/understanding-rl-vision/
A.S.,GPE,https://distill.pub/2020/understanding-rl-vision/
Ruderman,PERSON,https://distill.pub/2020/understanding-rl-vision/
Science,ORG,https://distill.pub/2020/understanding-rl-vision/
American Association for the Advancement of Science,ORG,https://distill.pub/2020/understanding-rl-vision/
Akkaya,PERSON,https://distill.pub/2020/understanding-rl-vision/
Andrychowicz,PERSON,https://distill.pub/2020/understanding-rl-vision/
Chociej,PERSON,https://distill.pub/2020/understanding-rl-vision/
Litwin,PERSON,https://distill.pub/2020/understanding-rl-vision/
McGrew,PERSON,https://distill.pub/2020/understanding-rl-vision/
Petron,PERSON,https://distill.pub/2020/understanding-rl-vision/
"Paino, A.",ORG,https://distill.pub/2020/understanding-rl-vision/
Plappert,PERSON,https://distill.pub/2020/understanding-rl-vision/
Powell,PERSON,https://distill.pub/2020/understanding-rl-vision/
Ribas,PERSON,https://distill.pub/2020/understanding-rl-vision/
"Berner, C.",ORG,https://distill.pub/2020/understanding-rl-vision/
Brockman,PERSON,https://distill.pub/2020/understanding-rl-vision/
Chan,PERSON,https://distill.pub/2020/understanding-rl-vision/
Cheung,PERSON,https://distill.pub/2020/understanding-rl-vision/
Dębiak,PERSON,https://distill.pub/2020/understanding-rl-vision/
"Dennison, C.",ORG,https://distill.pub/2020/understanding-rl-vision/
Farhi,PERSON,https://distill.pub/2020/understanding-rl-vision/
"Fischer, Q.",ORG,https://distill.pub/2020/understanding-rl-vision/
Hashme,PERSON,https://distill.pub/2020/understanding-rl-vision/
"Hesse, C.",ORG,https://distill.pub/2020/understanding-rl-vision/
Distill,ORG,https://distill.pub/2020/understanding-rl-vision/
Espeholt,PERSON,https://distill.pub/2020/understanding-rl-vision/
Soyer,PERSON,https://distill.pub/2020/understanding-rl-vision/
Munos,PERSON,https://distill.pub/2020/understanding-rl-vision/
Mnih,PERSON,https://distill.pub/2020/understanding-rl-vision/
Ward,PERSON,https://distill.pub/2020/understanding-rl-vision/
Doron,PERSON,https://distill.pub/2020/understanding-rl-vision/
Firoiu,PERSON,https://distill.pub/2020/understanding-rl-vision/
Harley,PERSON,https://distill.pub/2020/understanding-rl-vision/
GitHub,ORG,https://distill.pub/2020/understanding-rl-vision/
Jacob,PERSON,https://distill.pub/2020/understanding-rl-vision/
Cammarata,PERSON,https://distill.pub/2020/understanding-rl-vision/
Nick,PERSON,https://distill.pub/2020/understanding-rl-vision/
Shan,PERSON,https://distill.pub/2020/understanding-rl-vision/
Gabriel,PERSON,https://distill.pub/2020/understanding-rl-vision/
Chris,PERSON,https://distill.pub/2020/understanding-rl-vision/
